cell_line	KRAS_MUT	HRAS_MUT	NRAS_MUT	BRAF_MUT	ras_status	weight	sample_name
TT2609C02_THYROID	0	0	1	0	1	0.9750861651707553	TT2609C02_THYROID
NCIH650_LUNG	1	0	0	0	1	0.9576654084256352	NCIH650_LUNG
OCUM1_STOMACH	0	0	0	0	0	0.9455376260017653	OCUM1_STOMACH
BEN_LUNG	0	0	0	0	0	0.9419642924691564	BEN_LUNG
LS1034_LARGE_INTESTINE	1	0	0	0	1	0.941286035926109	LS1034_LARGE_INTESTINE
ASPC1_PANCREAS	1	0	0	0	1	0.9393521074713101	ASPC1_PANCREAS
CL40_LARGE_INTESTINE	1	0	0	0	1	0.9382101219026557	CL40_LARGE_INTESTINE
HMC18_BREAST	1	0	0	0	1	0.9317615474362796	HMC18_BREAST
HCC56_LARGE_INTESTINE	1	0	0	0	1	0.9240815604590875	HCC56_LARGE_INTESTINE
NCIH854_LUNG	0	0	0	1	0	0.919555765888705	NCIH854_LUNG
HPAFII_PANCREAS	1	0	0	0	1	0.9136571371155046	HPAFII_PANCREAS
PSN1_PANCREAS	1	0	0	0	1	0.91243184624001	PSN1_PANCREAS
SKCO1_LARGE_INTESTINE	1	0	0	0	1	0.9123587191797771	SKCO1_LARGE_INTESTINE
DANG_PANCREAS	1	0	0	0	1	0.9108469354371708	DANG_PANCREAS
RERFLCAD1_LUNG	1	0	0	1	1	0.9074479398117453	RERFLCAD1_LUNG
PANC0813_PANCREAS	1	0	0	0	1	0.9061632844010239	PANC0813_PANCREAS
RKN_SOFT_TISSUE	1	0	0	0	1	0.887732086892133	RKN_SOFT_TISSUE
LS513_LARGE_INTESTINE	1	0	0	1	1	0.8854471661397914	LS513_LARGE_INTESTINE
OE19_OESOPHAGUS	0	0	0	0	0	0.8813281208391336	OE19_OESOPHAGUS
CL11_LARGE_INTESTINE	1	0	0	0	1	0.8753270132714989	CL11_LARGE_INTESTINE
GSU_STOMACH	1	0	0	0	1	0.8750871251954462	GSU_STOMACH
KM12_LARGE_INTESTINE	0	0	0	1	0	0.8651659917504464	KM12_LARGE_INTESTINE
IALM_LUNG	1	0	0	0	1	0.8626079431604067	IALM_LUNG
TCCPAN2_PANCREAS	1	0	0	0	1	0.8571995417299304	TCCPAN2_PANCREAS
MDST8_LARGE_INTESTINE	0	0	0	1	0	0.8562224113566897	MDST8_LARGE_INTESTINE
CL34_LARGE_INTESTINE	0	0	0	1	0	0.8516406102084294	CL34_LARGE_INTESTINE
LCLC97TM1_LUNG	1	0	0	0	1	0.8469553511199954	LCLC97TM1_LUNG
NCIH1915_LUNG	0	1	0	0	1	0.84101586959089	NCIH1915_LUNG
SNUC4_LARGE_INTESTINE	0	0	0	1	0	0.8378509704127992	SNUC4_LARGE_INTESTINE
SNU1196_BILIARY_TRACT	0	0	0	0	0	0.8378108305815037	SNU1196_BILIARY_TRACT
SKMEL1_SKIN	0	0	0	1	0	0.8377561406825517	SKMEL1_SKIN
JHOM2B_OVARY	0	0	0	1	0	0.8347400745510746	JHOM2B_OVARY
A2780_OVARY	0	0	0	1	0	0.8335777757382815	A2780_OVARY
LOXIMVI_SKIN	0	0	0	1	0	0.8328885540004576	LOXIMVI_SKIN
RCM1_LARGE_INTESTINE	1	0	0	0	1	0.828412544811426	RCM1_LARGE_INTESTINE
COLO792_SKIN	0	0	0	0	0	0.8278196587849048	COLO792_SKIN
LS180_LARGE_INTESTINE	1	0	0	1	1	0.8271855426802801	LS180_LARGE_INTESTINE
YAPC_PANCREAS	1	0	0	0	1	0.8251019690511764	YAPC_PANCREAS
SNU245_BILIARY_TRACT	0	0	0	0	0	0.8229933341574206	SNU245_BILIARY_TRACT
SW1573_LUNG	1	0	0	0	1	0.8174137800859628	SW1573_LUNG
HCC1195_LUNG	0	0	1	0	1	0.8166439403349195	HCC1195_LUNG
MDAMB175VII_BREAST	0	0	0	0	0	0.8155867340457602	MDAMB175VII_BREAST
PK59_PANCREAS	1	0	0	0	1	0.8120057366354342	PK59_PANCREAS
PANC0504_PANCREAS	1	0	0	0	1	0.810650347413791	PANC0504_PANCREAS
KMRC3_KIDNEY	0	0	0	0	0	0.8106140359015865	KMRC3_KIDNEY
SW948_LARGE_INTESTINE	1	0	0	0	1	0.8091514653468578	SW948_LARGE_INTESTINE
AM38_CENTRAL_NERVOUS_SYSTEM	0	0	0	1	0	0.8088611588716521	AM38_CENTRAL_NERVOUS_SYSTEM
SW1417_LARGE_INTESTINE	0	0	0	1	0	0.807634926070655	SW1417_LARGE_INTESTINE
PATU8902_PANCREAS	1	0	0	0	1	0.8071428272400146	PATU8902_PANCREAS
HT115_LARGE_INTESTINE	0	0	1	1	1	0.80654387924037	HT115_LARGE_INTESTINE
T84_LARGE_INTESTINE	1	0	0	0	1	0.80539032068804	T84_LARGE_INTESTINE
PANC1005_PANCREAS	1	0	0	0	1	0.8046281938502007	PANC1005_PANCREAS
SW1463_LARGE_INTESTINE	1	0	0	0	1	0.8044502616135433	SW1463_LARGE_INTESTINE
OV7_OVARY	1	0	0	0	1	0.8027568708395593	OV7_OVARY
NCIH322_LUNG	0	0	0	0	0	0.8025352023716287	NCIH322_LUNG
SNU719_STOMACH	0	0	1	0	1	0.8025004443563115	SNU719_STOMACH
HEC151_ENDOMETRIUM	0	0	1	0	1	0.7995711966548003	HEC151_ENDOMETRIUM
OV56_OVARY	1	0	0	0	1	0.798086830915654	OV56_OVARY
CORL23_LUNG	1	0	0	0	1	0.7873730627529639	CORL23_LUNG
HCC1419_BREAST	0	1	0	0	1	0.7872056759005553	HCC1419_BREAST
WM115_SKIN	0	0	0	1	0	0.7844011435931179	WM115_SKIN
SW900_LUNG	1	0	0	0	1	0.7814409039023925	SW900_LUNG
SH10TC_STOMACH	1	0	0	0	1	0.7781652553430255	SH10TC_STOMACH
SW403_LARGE_INTESTINE	1	0	0	0	1	0.7762414873055669	SW403_LARGE_INTESTINE
KP3_PANCREAS	1	0	0	0	1	0.7755901374686024	KP3_PANCREAS
PANC0203_PANCREAS	1	0	0	0	1	0.7727553701656905	PANC0203_PANCREAS
PANC0403_PANCREAS	1	0	0	0	1	0.7692223047648734	PANC0403_PANCREAS
SNU81_LARGE_INTESTINE	1	0	1	0	1	0.768343450354755	SNU81_LARGE_INTESTINE
HEYA8_OVARY	1	0	0	1	1	0.7637413551201142	HEYA8_OVARY
CFPAC1_PANCREAS	1	0	0	0	1	0.7627297461831768	CFPAC1_PANCREAS
NCIH1437_LUNG	0	0	0	0	0	0.7622929281076797	NCIH1437_LUNG
MIAPACA2_PANCREAS	1	0	0	0	1	0.7605810119786799	MIAPACA2_PANCREAS
NCIH838_LUNG	0	0	0	0	0	0.760565954617696	NCIH838_LUNG
SNU869_BILIARY_TRACT	1	0	0	0	1	0.7600218916665621	SNU869_BILIARY_TRACT
ZR751_BREAST	0	1	0	0	1	0.7577808384299748	ZR751_BREAST
HUPT4_PANCREAS	1	0	0	0	1	0.7556793461176277	HUPT4_PANCREAS
MDAMB231_BREAST	1	0	0	1	1	0.7546926557338564	MDAMB231_BREAST
NCIH1299_LUNG	0	0	1	0	1	0.7527507350051297	NCIH1299_LUNG
SH4_SKIN	0	0	0	1	0	0.7496047548058375	SH4_SKIN
NCIH2170_LUNG	0	0	0	0	0	0.7491404123410732	NCIH2170_LUNG
SNU620_STOMACH	0	0	0	0	0	0.7480093232138673	SNU620_STOMACH
PATU8988S_PANCREAS	1	0	0	0	1	0.7479926449508556	PATU8988S_PANCREAS
CAPAN2_PANCREAS	1	0	0	0	1	0.747666369984091	CAPAN2_PANCREAS
MCAS_OVARY	1	0	0	0	1	0.7474173953474087	MCAS_OVARY
SNU213_PANCREAS	1	0	0	0	1	0.7456637943813277	SNU213_PANCREAS
HT55_LARGE_INTESTINE	0	0	0	1	0	0.744129492210763	HT55_LARGE_INTESTINE
SW1116_LARGE_INTESTINE	1	0	0	0	1	0.7433765846059814	SW1116_LARGE_INTESTINE
LS411N_LARGE_INTESTINE	0	0	0	1	0	0.7427383516186216	LS411N_LARGE_INTESTINE
NCIH2347_LUNG	1	0	1	0	1	0.7421523008924917	NCIH2347_LUNG
HCC15_LUNG	0	0	1	0	1	0.7376777240561049	HCC15_LUNG
JHH4_LIVER	0	0	0	0	0	0.7374382797936256	JHH4_LIVER
SKNAS_AUTONOMIC_GANGLIA	0	0	1	0	1	0.7351250517549525	SKNAS_AUTONOMIC_GANGLIA
HEC50B_ENDOMETRIUM	1	0	0	0	1	0.734463732222288	HEC50B_ENDOMETRIUM
SNU1_STOMACH	1	0	0	1	1	0.7321897533358034	SNU1_STOMACH
UMUC3_URINARY_TRACT	1	0	0	0	1	0.731615554269334	UMUC3_URINARY_TRACT
D341MED_CENTRAL_NERVOUS_SYSTEM	0	0	0	0	0	0.7313054902781551	D341MED_CENTRAL_NERVOUS_SYSTEM
SNU520_STOMACH	0	0	0	0	0	0.7299126564514601	SNU520_STOMACH
RKO_LARGE_INTESTINE	0	0	0	1	0	0.7289446342250133	RKO_LARGE_INTESTINE
NCIH2122_LUNG	1	0	0	0	1	0.7281269396357425	NCIH2122_LUNG
NCIH508_LARGE_INTESTINE	0	0	0	1	0	0.7261749576895804	NCIH508_LARGE_INTESTINE
CORL105_LUNG	0	0	0	0	0	0.7254153025698312	CORL105_LUNG
NCIH2405_LUNG	0	0	0	0	0	0.7243796087365723	NCIH2405_LUNG
MKN45_STOMACH	0	0	0	0	0	0.7236331308632943	MKN45_STOMACH
AGS_STOMACH	1	0	0	0	1	0.719453273417237	AGS_STOMACH
JHOC5_OVARY	0	0	0	0	0	0.7179821937416981	JHOC5_OVARY
IPC298_SKIN	0	0	1	0	1	0.7167381570605562	IPC298_SKIN
LS123_LARGE_INTESTINE	1	0	0	0	1	0.7166998954033202	LS123_LARGE_INTESTINE
NUGC3_STOMACH	0	0	0	0	0	0.7161337629660057	NUGC3_STOMACH
LU65_LUNG	1	0	0	0	1	0.7159059549702987	LU65_LUNG
SNUC1_LARGE_INTESTINE	0	0	0	0	0	0.7148508576437116	SNUC1_LARGE_INTESTINE
TYKNU_OVARY	0	0	1	0	1	0.7145863098094833	TYKNU_OVARY
DMS53_LUNG	0	0	0	0	0	0.7125488976272566	DMS53_LUNG
CHP212_AUTONOMIC_GANGLIA	0	0	1	0	1	0.7123009673331938	CHP212_AUTONOMIC_GANGLIA
SKHEP1_LIVER	0	0	0	1	0	0.7070586497344997	SKHEP1_LIVER
ES2_OVARY	0	0	0	1	0	0.7065291154583153	ES2_OVARY
SW480_LARGE_INTESTINE	1	0	0	0	1	0.7053905370297747	SW480_LARGE_INTESTINE
RMGI_OVARY	0	0	0	0	0	0.7048806529908416	RMGI_OVARY
OE33_OESOPHAGUS	0	0	0	0	0	0.7041824799654953	OE33_OESOPHAGUS
SNU601_STOMACH	1	0	0	0	1	0.7034535832000481	SNU601_STOMACH
SW1271_LUNG	0	0	1	1	1	0.7023919714656455	SW1271_LUNG
NCIH1734_LUNG	1	0	0	0	1	0.7004930803392149	NCIH1734_LUNG
SUIT2_PANCREAS	1	0	0	0	1	0.700462589391105	SUIT2_PANCREAS
SNU1197_LARGE_INTESTINE	1	1	0	0	1	0.6999551625206464	SNU1197_LARGE_INTESTINE
HT29_LARGE_INTESTINE	0	0	0	1	0	0.6990192611279011	HT29_LARGE_INTESTINE
HS936T_SKIN	0	0	1	1	1	0.6978725121562753	HS936T_SKIN
NCIH1435_LUNG	0	0	0	0	0	0.696113762858375	NCIH1435_LUNG
LOVO_LARGE_INTESTINE	1	0	0	0	1	0.6926361202556965	LOVO_LARGE_INTESTINE
SNU398_LIVER	0	0	0	0	0	0.6911724609440916	SNU398_LIVER
SW620_LARGE_INTESTINE	1	0	0	0	1	0.6906856434900467	SW620_LARGE_INTESTINE
PANC0327_PANCREAS	1	0	0	0	1	0.6900727409908775	PANC0327_PANCREAS
K029AX_SKIN	0	0	0	1	0	0.689660594471323	K029AX_SKIN
NCIH1573_LUNG	1	0	1	0	1	0.6883835708131412	NCIH1573_LUNG
RERFLCAD2_LUNG	1	0	0	0	1	0.6881918252068531	RERFLCAD2_LUNG
JMSU1_URINARY_TRACT	0	0	0	0	0	0.6877029498755721	JMSU1_URINARY_TRACT
JHH6_LIVER	0	0	0	0	0	0.686595680381578	JHH6_LIVER
CAL12T_LUNG	0	0	0	1	0	0.685107372528015	CAL12T_LUNG
RERFLCKJ_LUNG	0	0	0	0	0	0.6816030156826655	RERFLCKJ_LUNG
SNUC5_LARGE_INTESTINE	0	0	0	1	0	0.6803831951012504	SNUC5_LARGE_INTESTINE
SKNFI_AUTONOMIC_GANGLIA	0	0	0	0	0	0.6800455732208024	SKNFI_AUTONOMIC_GANGLIA
KG1C_CENTRAL_NERVOUS_SYSTEM	0	0	0	1	0	0.6780320493284105	KG1C_CENTRAL_NERVOUS_SYSTEM
CL14_LARGE_INTESTINE	0	0	0	0	0	0.6779719571186776	CL14_LARGE_INTESTINE
BXPC3_PANCREAS	0	0	0	0	0	0.6777857799752438	BXPC3_PANCREAS
NCIH727_LUNG	1	0	0	0	1	0.6766734981750316	NCIH727_LUNG
HCC1171_LUNG	1	0	0	0	1	0.6765512346273378	HCC1171_LUNG
NCIH2126_LUNG	0	0	0	0	0	0.6740293411591024	NCIH2126_LUNG
BFTC905_URINARY_TRACT	0	0	1	0	1	0.6738357456382744	BFTC905_URINARY_TRACT
CALU6_LUNG	1	0	0	0	1	0.6737609805365796	CALU6_LUNG
SU8686_PANCREAS	1	0	0	0	1	0.6736176591552118	SU8686_PANCREAS
QGP1_PANCREAS	1	0	0	0	1	0.6731753514525929	QGP1_PANCREAS
HCT116_LARGE_INTESTINE	1	0	0	0	1	0.6731752485436269	HCT116_LARGE_INTESTINE
SNGM_ENDOMETRIUM	1	0	0	0	1	0.6711178232228487	SNGM_ENDOMETRIUM
MDAMB361_BREAST	0	0	0	1	0	0.6709955398878181	MDAMB361_BREAST
HCC1359_LUNG	0	0	0	0	0	0.6693527029208288	HCC1359_LUNG
MDAPCA2B_PROSTATE	0	0	0	0	0	0.6691292708665777	MDAPCA2B_PROSTATE
SW1990_PANCREAS	1	0	0	0	1	0.6683297411480899	SW1990_PANCREAS
PANC0213_PANCREAS	1	0	0	0	1	0.6680798315029306	PANC0213_PANCREAS
LXF289_LUNG	0	0	0	0	0	0.6670383130656442	LXF289_LUNG
KATOIII_STOMACH	0	0	0	0	0	0.6666262295426272	KATOIII_STOMACH
CALU1_LUNG	1	0	0	0	1	0.6665540580842668	CALU1_LUNG
SNU1033_LARGE_INTESTINE	1	0	0	0	1	0.664967261157759	SNU1033_LARGE_INTESTINE
SNU16_STOMACH	0	0	0	0	0	0.6643559028583776	SNU16_STOMACH
A2058_SKIN	0	0	0	1	0	0.6639355880104231	A2058_SKIN
BT483_BREAST	0	0	0	0	0	0.6636078547594395	BT483_BREAST
NCIH1869_LUNG	0	0	0	0	0	0.6634725927546294	NCIH1869_LUNG
COLO783_SKIN	0	0	0	1	0	0.6630245799504568	COLO783_SKIN
SNU5_STOMACH	0	0	0	0	0	0.6624414390776301	SNU5_STOMACH
HOP62_LUNG	0	0	0	0	0	0.6619008686204202	HOP62_LUNG
SNU61_LARGE_INTESTINE	1	0	0	0	1	0.6609872274176719	SNU61_LARGE_INTESTINE
NCIH1339_LUNG	1	0	0	0	1	0.656281132127138	NCIH1339_LUNG
CAPAN1_PANCREAS	1	0	0	0	1	0.6558434570203772	CAPAN1_PANCREAS
SKMEL30_SKIN	0	0	1	1	1	0.6549086042107644	SKMEL30_SKIN
TGBC11TKB_STOMACH	1	0	0	0	1	0.6539338072171245	TGBC11TKB_STOMACH
LU99_LUNG	1	0	0	0	1	0.6531295777460208	LU99_LUNG
NCIH2087_LUNG	0	0	1	1	1	0.6528667122654679	NCIH2087_LUNG
KPL1_BREAST	0	0	0	0	0	0.6524989940844095	KPL1_BREAST
SKMEL28_SKIN	0	0	0	1	0	0.6518737632811349	SKMEL28_SKIN
SNU324_PANCREAS	0	0	0	0	0	0.6491549738907085	SNU324_PANCREAS
HS939T_SKIN	0	0	0	1	0	0.6490179529080345	HS939T_SKIN
DBTRG05MG_CENTRAL_NERVOUS_SYSTEM	0	0	0	1	0	0.6482435048227999	DBTRG05MG_CENTRAL_NERVOUS_SYSTEM
NCIH441_LUNG	1	0	0	0	1	0.6471794109015911	NCIH441_LUNG
TE617T_SOFT_TISSUE	0	0	0	0	0	0.646489175456134	TE617T_SOFT_TISSUE
MEWO_SKIN	0	0	0	0	0	0.6463410662343356	MEWO_SKIN
SNU175_LARGE_INTESTINE	1	0	0	0	1	0.6425824079598912	SNU175_LARGE_INTESTINE
COLO829_SKIN	0	0	0	1	0	0.6413575308782792	COLO829_SKIN
A375_SKIN	0	0	0	1	0	0.6391826253511353	A375_SKIN
HCC2218_BREAST	0	0	0	0	0	0.6387800730279949	HCC2218_BREAST
SNUC2A_LARGE_INTESTINE	1	0	0	0	1	0.6380263528046419	SNUC2A_LARGE_INTESTINE
MORCPR_LUNG	1	0	0	0	1	0.6374477884779512	MORCPR_LUNG
ZR7530_BREAST	0	0	0	0	0	0.6339525781650152	ZR7530_BREAST
IGR37_SKIN	0	0	0	1	0	0.6321024562392316	IGR37_SKIN
IM95_STOMACH	0	0	0	0	0	0.631193443082398	IM95_STOMACH
T3M10_LUNG	1	0	0	0	1	0.6305263606986999	T3M10_LUNG
HS944T_SKIN	0	0	1	0	1	0.6300625145730964	HS944T_SKIN
HUCCT1_BILIARY_TRACT	1	0	0	0	1	0.6298978379258233	HUCCT1_BILIARY_TRACT
HEC265_ENDOMETRIUM	0	0	0	0	0	0.6287469522534471	HEC265_ENDOMETRIUM
GCT_SOFT_TISSUE	0	0	0	1	0	0.6283841982758398	GCT_SOFT_TISSUE
COLO320_LARGE_INTESTINE	0	0	0	0	0	0.6279319513138596	COLO320_LARGE_INTESTINE
HEC1A_ENDOMETRIUM	1	0	0	1	1	0.6275207021016473	HEC1A_ENDOMETRIUM
COLO679_SKIN	0	0	0	1	0	0.6273779601757182	COLO679_SKIN
NCIH2228_LUNG	0	0	0	0	0	0.6252750679108048	NCIH2228_LUNG
SW837_LARGE_INTESTINE	1	0	0	0	1	0.6225413103411245	SW837_LARGE_INTESTINE
TM31_CENTRAL_NERVOUS_SYSTEM	0	0	0	0	0	0.621695891100385	TM31_CENTRAL_NERVOUS_SYSTEM
HUPT3_PANCREAS	1	0	0	0	1	0.6212704217118884	HUPT3_PANCREAS
HT1080_SOFT_TISSUE	0	0	1	0	1	0.6190483517537775	HT1080_SOFT_TISSUE
NCIH2291_LUNG	1	0	0	0	1	0.6172074725397878	NCIH2291_LUNG
NCIH747_LARGE_INTESTINE	1	0	0	0	1	0.6171657732675073	NCIH747_LARGE_INTESTINE
CW2_LARGE_INTESTINE	1	0	1	1	1	0.6137932644864198	CW2_LARGE_INTESTINE
NCIH2286_LUNG	0	0	0	0	0	0.6116609451271613	NCIH2286_LUNG
MELJUSO_SKIN	0	1	1	0	1	0.6102553682802803	MELJUSO_SKIN
U87MG_CENTRAL_NERVOUS_SYSTEM	0	0	0	0	0	0.6093684566655705	U87MG_CENTRAL_NERVOUS_SYSTEM
NCIH647_LUNG	1	0	0	0	1	0.6076748726330566	NCIH647_LUNG
NMCG1_CENTRAL_NERVOUS_SYSTEM	0	0	0	1	0	0.6075920264618745	NMCG1_CENTRAL_NERVOUS_SYSTEM
SKMEL5_SKIN	0	0	0	1	0	0.6074994459822107	SKMEL5_SKIN
WM88_SKIN	0	0	0	1	0	0.6066776821385141	WM88_SKIN
TOV21G_OVARY	1	0	0	0	1	0.6061310725859108	TOV21G_OVARY
HCC1500_BREAST	0	0	0	0	0	0.6042889534219379	HCC1500_BREAST
NCIH2110_LUNG	0	0	0	0	0	0.6033632696853612	NCIH2110_LUNG
HS746T_STOMACH	0	0	0	0	0	0.6031543162174148	HS746T_STOMACH
HUG1N_STOMACH	0	0	0	0	0	0.6027555721333289	HUG1N_STOMACH
KMRC1_KIDNEY	0	0	0	0	0	0.6017917432743013	KMRC1_KIDNEY
WM983B_SKIN	0	0	0	1	0	0.5981624673779679	WM983B_SKIN
SNU387_LIVER	0	0	1	0	1	0.5980194825477194	SNU387_LIVER
JHUEM3_ENDOMETRIUM	1	0	0	0	1	0.5951757798848407	JHUEM3_ENDOMETRIUM
LI7_LIVER	0	0	0	0	0	0.5916985600272415	LI7_LIVER
NCIH2009_LUNG	1	0	0	0	1	0.5912857502874166	NCIH2009_LUNG
SNU407_LARGE_INTESTINE	1	0	0	1	1	0.5904563931640875	SNU407_LARGE_INTESTINE
HCT15_LARGE_INTESTINE	1	0	0	0	1	0.5901464313557341	HCT15_LARGE_INTESTINE
HCC44_LUNG	1	0	0	0	1	0.5887699639361881	HCC44_LUNG
NCIH1792_LUNG	1	0	0	0	1	0.5869474551587708	NCIH1792_LUNG
SW48_LARGE_INTESTINE	0	0	0	0	0	0.5867286869356224	SW48_LARGE_INTESTINE
PANC1_PANCREAS	1	0	0	0	1	0.5853985402759186	PANC1_PANCREAS
NCIN87_STOMACH	0	0	0	0	0	0.5850193953574505	NCIN87_STOMACH
SNU423_LIVER	0	0	0	0	0	0.584111240010244	SNU423_LIVER
SKLMS1_SOFT_TISSUE	0	0	0	0	0	0.5833166953797806	SKLMS1_SOFT_TISSUE
MDAMB435S_SKIN	0	0	0	1	0	0.5816582687620668	MDAMB435S_SKIN
UACC257_SKIN	0	0	0	1	0	0.5809359420184009	UACC257_SKIN
EBC1_LUNG	0	0	0	0	0	0.5806719348489476	EBC1_LUNG
SNU1272_KIDNEY	0	0	0	0	0	0.5801921002057312	SNU1272_KIDNEY
SNU761_LIVER	0	0	0	0	0	0.57964474471454	SNU761_LIVER
COLO678_LARGE_INTESTINE	1	0	0	0	1	0.5777891530852559	COLO678_LARGE_INTESTINE
IGR1_SKIN	0	0	0	1	0	0.5776554825506095	IGR1_SKIN
SNU308_BILIARY_TRACT	0	0	0	0	0	0.5773990010559199	SNU308_BILIARY_TRACT
HS852T_SKIN	0	0	1	0	1	0.5773894379160551	HS852T_SKIN
WM2664_SKIN	0	0	0	1	0	0.5765332453354565	WM2664_SKIN
DU145_PROSTATE	0	0	0	0	0	0.5761990237842903	DU145_PROSTATE
JHOS4_OVARY	0	0	0	0	0	0.575511510439184	JHOS4_OVARY
SNU449_LIVER	0	0	0	0	0	0.574009005367718	SNU449_LIVER
CAL120_BREAST	0	0	0	0	0	0.5732761451326861	CAL120_BREAST
OC314_OVARY	0	0	0	0	0	0.572648418900304	OC314_OVARY
KYSE410_OESOPHAGUS	1	0	0	0	1	0.572047279319341	KYSE410_OESOPHAGUS
NCIH1666_LUNG	0	0	0	1	0	0.57129027543055	NCIH1666_LUNG
MELHO_SKIN	0	0	0	1	0	0.5701644432868713	MELHO_SKIN
ISTMES2_PLEURA	0	0	0	0	0	0.5700423095898453	ISTMES2_PLEURA
SKMEL24_SKIN	0	0	0	1	0	0.5695435187339216	SKMEL24_SKIN
BHT101_THYROID	0	0	0	1	0	0.5687599152601919	BHT101_THYROID
VMRCRCW_KIDNEY	0	0	0	0	0	0.5683715405801514	VMRCRCW_KIDNEY
HLF_LIVER	0	0	0	0	0	0.5659207690628497	HLF_LIVER
AN3CA_ENDOMETRIUM	0	1	0	0	1	0.5644018739553855	AN3CA_ENDOMETRIUM
CAMA1_BREAST	0	0	0	0	0	0.5642489581199351	CAMA1_BREAST
SKMEL31_SKIN	0	0	0	1	0	0.5638604941441256	SKMEL31_SKIN
BCPAP_THYROID	0	0	0	1	0	0.5637651697713105	BCPAP_THYROID
SNU1079_BILIARY_TRACT	0	0	0	0	0	0.5635033251805072	SNU1079_BILIARY_TRACT
RPMI7951_SKIN	0	0	0	1	0	0.5630666690031839	RPMI7951_SKIN
NCIH28_PLEURA	0	0	0	0	0	0.562384614256892	NCIH28_PLEURA
NB1_AUTONOMIC_GANGLIA	0	0	0	0	0	0.5612813224005664	NB1_AUTONOMIC_GANGLIA
RERFLCMS_LUNG	0	0	0	0	0	0.5606524485939344	RERFLCMS_LUNG
HCC4006_LUNG	0	0	0	0	0	0.5602483853269368	HCC4006_LUNG
HT1197_URINARY_TRACT	0	0	0	0	0	0.5601248510078922	HT1197_URINARY_TRACT
GAMG_CENTRAL_NERVOUS_SYSTEM	0	0	0	0	0	0.558747488707704	GAMG_CENTRAL_NERVOUS_SYSTEM
T3M4_PANCREAS	1	0	0	0	1	0.5583173158763386	T3M4_PANCREAS
CAL62_THYROID	1	0	0	0	1	0.5572609591433375	CAL62_THYROID
PC3_PROSTATE	0	0	0	0	0	0.5565079036299209	PC3_PROSTATE
HPAC_PANCREAS	1	0	0	0	1	0.5564241668142842	HPAC_PANCREAS
D283MED_CENTRAL_NERVOUS_SYSTEM	0	0	0	0	0	0.5556624564001312	D283MED_CENTRAL_NERVOUS_SYSTEM
NCIH520_LUNG	0	0	0	0	0	0.5551263341884299	NCIH520_LUNG
TCCSUP_URINARY_TRACT	0	0	0	0	0	0.5550892354129209	TCCSUP_URINARY_TRACT
SKMES1_LUNG	0	0	0	0	0	0.5541974761730569	SKMES1_LUNG
NCIH358_LUNG	1	0	0	0	1	0.5525446983127722	NCIH358_LUNG
OUMS23_LARGE_INTESTINE	0	0	0	1	0	0.5524654840408235	OUMS23_LARGE_INTESTINE
RD_SOFT_TISSUE	0	0	1	0	1	0.5509840979110731	RD_SOFT_TISSUE
GP2D_LARGE_INTESTINE	1	0	0	1	1	0.5506900150963341	GP2D_LARGE_INTESTINE
KYM1_SOFT_TISSUE	0	0	0	0	0	0.550418751449815	KYM1_SOFT_TISSUE
COLO668_LUNG	1	0	0	0	1	0.548589429178193	COLO668_LUNG
CALU3_LUNG	0	0	0	0	0	0.5475211130041797	CALU3_LUNG
NCIH1781_LUNG	0	0	0	0	0	0.5457053137465693	NCIH1781_LUNG
UMUC1_URINARY_TRACT	0	0	0	0	0	0.5453411444890401	UMUC1_URINARY_TRACT
NCIH1838_LUNG	0	0	0	0	0	0.5435016490073039	NCIH1838_LUNG
GMS10_CENTRAL_NERVOUS_SYSTEM	0	0	0	0	0	0.5428495677526668	GMS10_CENTRAL_NERVOUS_SYSTEM
CJM_SKIN	0	1	0	0	1	0.5398756638445198	CJM_SKIN
SKOV3_OVARY	0	0	0	0	0	0.5396743294919779	SKOV3_OVARY
MSTO211H_PLEURA	0	0	0	0	0	0.5392070312029709	MSTO211H_PLEURA
SNU685_ENDOMETRIUM	0	0	0	0	0	0.5389865657205951	SNU685_ENDOMETRIUM
DV90_LUNG	1	0	0	0	1	0.5375890748944646	DV90_LUNG
HS229T_LUNG	0	0	0	0	0	0.5369204865595005	HS229T_LUNG
T47D_BREAST	0	0	0	0	0	0.5351131208524577	T47D_BREAST
KALS1_CENTRAL_NERVOUS_SYSTEM	0	0	0	0	0	0.5346820666471731	KALS1_CENTRAL_NERVOUS_SYSTEM
A172_CENTRAL_NERVOUS_SYSTEM	0	0	0	0	0	0.5339510365938412	A172_CENTRAL_NERVOUS_SYSTEM
RT4_URINARY_TRACT	0	0	0	0	0	0.5326317809432702	RT4_URINARY_TRACT
HS766T_PANCREAS	1	0	0	0	1	0.5325991338739452	HS766T_PANCREAS
SJSA1_BONE	0	0	1	0	1	0.5322659755883883	SJSA1_BONE
HCC366_LUNG	0	0	0	0	0	0.5320815454237069	HCC366_LUNG
SNU478_BILIARY_TRACT	0	0	0	0	0	0.5317832337319984	SNU478_BILIARY_TRACT
JHUEM1_ENDOMETRIUM	0	0	0	0	0	0.531547963694666	JHUEM1_ENDOMETRIUM
COLO741_SKIN	0	0	0	1	0	0.5314359976581846	COLO741_SKIN
DMS114_LUNG	0	0	0	0	0	0.5310769280397338	DMS114_LUNG
NCIH1703_LUNG	0	0	0	0	0	0.5310200262725688	NCIH1703_LUNG
SBC5_LUNG	0	0	0	0	0	0.5306208724132129	SBC5_LUNG
A549_LUNG	1	0	0	0	1	0.5279238237790469	A549_LUNG
JIMT1_BREAST	0	0	0	0	0	0.5276240395404327	JIMT1_BREAST
HT144_SKIN	0	0	0	1	0	0.5274908469262143	HT144_SKIN
NCIH69_LUNG	0	0	0	0	0	0.5274199052630881	NCIH69_LUNG
PK1_PANCREAS	1	0	0	0	1	0.5272394838038619	PK1_PANCREAS
SNU349_KIDNEY	0	0	0	0	0	0.5264074369849223	SNU349_KIDNEY
OVK18_OVARY	1	0	0	0	1	0.526039069588366	OVK18_OVARY
EFE184_ENDOMETRIUM	0	0	0	0	0	0.5257594201430438	EFE184_ENDOMETRIUM
NCIH460_LUNG	1	0	0	0	1	0.5238081636269137	NCIH460_LUNG
SIMA_AUTONOMIC_GANGLIA	0	0	0	0	0	0.5230290670743182	SIMA_AUTONOMIC_GANGLIA
UACC893_BREAST	0	0	0	0	0	0.5220260566035874	UACC893_BREAST
CAL851_BREAST	0	0	0	0	0	0.5219050968326678	CAL851_BREAST
CCK81_LARGE_INTESTINE	0	0	0	1	0	0.5198211526751463	CCK81_LARGE_INTESTINE
NCIH1155_LUNG	0	0	0	0	0	0.5184976418389274	NCIH1155_LUNG
OSRC2_KIDNEY	0	0	0	0	0	0.5182689732528893	OSRC2_KIDNEY
SNU1040_LARGE_INTESTINE	0	1	0	0	1	0.518170385786656	SNU1040_LARGE_INTESTINE
NIHOVCAR3_OVARY	0	0	0	0	0	0.5150446158252658	NIHOVCAR3_OVARY
NCIH2444_LUNG	1	0	0	0	1	0.5135314318884084	NCIH2444_LUNG
HCC78_LUNG	0	0	0	0	0	0.5133338385522842	HCC78_LUNG
HCC202_BREAST	0	0	0	0	0	0.5133181380983802	HCC202_BREAST
UO31_KIDNEY	0	0	0	0	0	0.5130238475296023	UO31_KIDNEY
SNU899_UPPER_AERODIGESTIVE_TRACT	0	1	0	0	1	0.5112437448677521	SNU899_UPPER_AERODIGESTIVE_TRACT
C2BBE1_LARGE_INTESTINE	0	0	0	0	0	0.5103322161678536	C2BBE1_LARGE_INTESTINE
HEP3B217_LIVER	0	0	0	0	0	0.5099437324882583	HEP3B217_LIVER
OVCAR8_OVARY	1	0	0	0	1	0.5084013309782494	OVCAR8_OVARY
WM1799_SKIN	0	0	0	1	0	0.5079388003149897	WM1799_SKIN
HSC3_UPPER_AERODIGESTIVE_TRACT	0	0	0	0	0	0.5078483824670701	HSC3_UPPER_AERODIGESTIVE_TRACT
NCCSTCK140_STOMACH	0	0	0	0	0	0.5078403512940698	NCCSTCK140_STOMACH
NCIH1755_LUNG	0	0	0	1	0	0.5068732639895478	NCIH1755_LUNG
BT474_BREAST	0	0	0	0	0	0.5065031391003842	BT474_BREAST
ML1_THYROID	0	0	0	0	0	0.5058981044819685	ML1_THYROID
HUH1_LIVER	0	0	0	0	0	0.5057305336464308	HUH1_LIVER
MDAMB453_BREAST	0	0	0	0	0	0.5041932630029429	MDAMB453_BREAST
ESS1_ENDOMETRIUM	0	0	0	0	0	0.503780666246206	ESS1_ENDOMETRIUM
PLCPRF5_LIVER	0	0	0	0	0	0.5018748401691563	PLCPRF5_LIVER
KYSE150_OESOPHAGUS	0	0	0	0	0	0.5017116933471742	KYSE150_OESOPHAGUS
KP2_PANCREAS	1	0	0	0	1	0.5012096356961313	KP2_PANCREAS
T24_URINARY_TRACT	0	0	0	0	0	0.4984014387081558	T24_URINARY_TRACT
RT112_URINARY_TRACT	0	0	0	0	0	0.49741419680304544	RT112_URINARY_TRACT
NCIH716_LARGE_INTESTINE	1	0	0	0	1	0.49642252867405834	NCIH716_LARGE_INTESTINE
PC14_LUNG	0	0	0	0	0	0.4948251542536935	PC14_LUNG
OVMANA_OVARY	0	0	0	0	0	0.4947213042850334	OVMANA_OVARY
UACC812_BREAST	0	0	0	0	0	0.49293948792204995	UACC812_BREAST
ACHN_KIDNEY	0	0	0	0	0	0.490617352024615	ACHN_KIDNEY
JHUEM7_ENDOMETRIUM	0	0	1	1	1	0.4897928791071524	JHUEM7_ENDOMETRIUM
EPLC272H_LUNG	0	0	0	0	0	0.48931952438544013	EPLC272H_LUNG
KP4_PANCREAS	1	0	0	0	1	0.4890989142922091	KP4_PANCREAS
EFM192A_BREAST	0	0	0	0	0	0.488925524835671	EFM192A_BREAST
PATU8988T_PANCREAS	1	0	0	0	1	0.48764495709124006	PATU8988T_PANCREAS
KPNYN_AUTONOMIC_GANGLIA	0	0	0	0	0	0.48734427213271947	KPNYN_AUTONOMIC_GANGLIA
SKNBE2_AUTONOMIC_GANGLIA	0	0	0	0	0	0.4859250406265432	SKNBE2_AUTONOMIC_GANGLIA
HS870T_BONE	0	0	0	0	0	0.4853589452415239	HS870T_BONE
SNU840_OVARY	0	0	0	0	0	0.4853206622084386	SNU840_OVARY
JHUEM2_ENDOMETRIUM	0	0	0	0	0	0.48522581065013465	JHUEM2_ENDOMETRIUM
WM793_SKIN	0	0	0	1	0	0.4850939536652603	WM793_SKIN
ISHIKAWAHERAKLIO02ER_ENDOMETRIUM	0	0	0	1	0	0.48484442906884057	ISHIKAWAHERAKLIO02ER_ENDOMETRIUM
G361_SKIN	0	0	0	1	0	0.4841079869717852	G361_SKIN
KS1_CENTRAL_NERVOUS_SYSTEM	0	0	0	0	0	0.48370385962219936	KS1_CENTRAL_NERVOUS_SYSTEM
SNU8_OVARY	1	0	0	0	1	0.48339271504729714	SNU8_OVARY
IMR32_AUTONOMIC_GANGLIA	0	0	0	0	0	0.48202966366222183	IMR32_AUTONOMIC_GANGLIA
S117_SOFT_TISSUE	0	0	0	0	0	0.48172435754863735	S117_SOFT_TISSUE
SNU410_PANCREAS	1	0	0	1	1	0.4813131526820307	SNU410_PANCREAS
MALME3M_SKIN	0	0	0	1	0	0.4806365792055608	MALME3M_SKIN
EFM19_BREAST	0	0	0	0	0	0.48003790320119605	EFM19_BREAST
TUHR10TKB_KIDNEY	0	0	0	0	0	0.47993840201753174	TUHR10TKB_KIDNEY
G292CLONEA141B1_BONE	0	0	0	0	0	0.47873318751438715	G292CLONEA141B1_BONE
HCC2935_LUNG	0	0	0	0	0	0.4782944144733996	HCC2935_LUNG
NCIH23_LUNG	1	0	0	0	1	0.47813351719460534	NCIH23_LUNG
HCC38_BREAST	0	0	0	0	0	0.4776312710659843	HCC38_BREAST
NCIH146_LUNG	0	0	0	0	0	0.47721137939491903	NCIH146_LUNG
ACCMESO1_PLEURA	0	0	0	0	0	0.47675518534728467	ACCMESO1_PLEURA
ONCODG1_OVARY	0	0	0	0	0	0.4760084252456882	ONCODG1_OVARY
SNU886_LIVER	0	0	0	0	0	0.47464857283683715	SNU886_LIVER
NUGC2_STOMACH	1	0	0	0	1	0.47382762438546133	NUGC2_STOMACH
NCIH1623_LUNG	0	0	0	0	0	0.4731287736176012	NCIH1623_LUNG
KPNSI9S_AUTONOMIC_GANGLIA	1	0	0	0	1	0.4727366117679722	KPNSI9S_AUTONOMIC_GANGLIA
TEN_ENDOMETRIUM	1	0	0	0	1	0.4724898531401363	TEN_ENDOMETRIUM
GB1_CENTRAL_NERVOUS_SYSTEM	0	0	0	0	0	0.471376590682653	GB1_CENTRAL_NERVOUS_SYSTEM
MFE319_ENDOMETRIUM	0	0	0	0	0	0.471027821981122	MFE319_ENDOMETRIUM
EN_ENDOMETRIUM	0	0	0	0	0	0.47095911253928935	EN_ENDOMETRIUM
G401_SOFT_TISSUE	0	0	0	0	0	0.4706586260645805	G401_SOFT_TISSUE
NCIH1944_LUNG	1	0	0	0	1	0.4706454345749165	NCIH1944_LUNG
U118MG_CENTRAL_NERVOUS_SYSTEM	0	0	0	0	0	0.469999034415139	U118MG_CENTRAL_NERVOUS_SYSTEM
BFTC909_KIDNEY	0	0	0	0	0	0.469975919278427	BFTC909_KIDNEY
RERFGC1B_STOMACH	0	0	0	0	0	0.46960348727658907	RERFGC1B_STOMACH
PK45H_PANCREAS	1	0	0	0	1	0.469290372321668	PK45H_PANCREAS
CAL78_BONE	0	0	0	0	0	0.467434172897302	CAL78_BONE
GSS_STOMACH	0	0	0	0	0	0.46730450682897323	GSS_STOMACH
NCIH524_LUNG	0	0	0	0	0	0.46706431853330355	NCIH524_LUNG
NUGC4_STOMACH	0	0	0	0	0	0.4658760698165268	NUGC4_STOMACH
BICR22_UPPER_AERODIGESTIVE_TRACT	0	0	0	0	0	0.4657148469539622	BICR22_UPPER_AERODIGESTIVE_TRACT
COV362_OVARY	0	0	0	0	0	0.4638218582574439	COV362_OVARY
KU1919_URINARY_TRACT	0	0	1	0	1	0.4634329995911067	KU1919_URINARY_TRACT
TE441T_SOFT_TISSUE	0	0	0	0	0	0.46189788723963365	TE441T_SOFT_TISSUE
HEC59_ENDOMETRIUM	0	0	1	0	1	0.46187916144958885	HEC59_ENDOMETRIUM
NCIH292_LUNG	0	0	0	0	0	0.4611087779444563	NCIH292_LUNG
MESSA_SOFT_TISSUE	0	0	0	0	0	0.4571903221082083	MESSA_SOFT_TISSUE
SHP77_LUNG	1	0	0	0	1	0.4565993462193424	SHP77_LUNG
HS863T_BONE	0	0	0	0	0	0.45645898660973355	HS863T_BONE
J82_URINARY_TRACT	0	0	0	0	0	0.4558763246145957	J82_URINARY_TRACT
MDAMB134VI_BREAST	0	0	0	0	0	0.45544207606584824	MDAMB134VI_BREAST
KE39_STOMACH	0	0	0	0	0	0.45378719388047295	KE39_STOMACH
MHHES1_BONE	0	0	0	0	0	0.4504924705679876	MHHES1_BONE
COV644_OVARY	0	0	0	0	0	0.4492931199459863	COV644_OVARY
HEC251_ENDOMETRIUM	0	0	0	0	0	0.44855564929734004	HEC251_ENDOMETRIUM
A101D_SKIN	0	0	0	1	0	0.4474672006433284	A101D_SKIN
DU4475_BREAST	0	0	0	1	0	0.44715370235881174	DU4475_BREAST
RERFLCAI_LUNG	0	0	0	0	0	0.4469541398792947	RERFLCAI_LUNG
HS940T_SKIN	0	0	0	0	0	0.4469175132582752	HS940T_SKIN
CADOES1_BONE	0	0	0	0	0	0.4467089655665847	CADOES1_BONE
NCIH1581_LUNG	0	0	0	0	0	0.4442227996375193	NCIH1581_LUNG
JHH5_LIVER	0	0	0	0	0	0.4441377277191531	JHH5_LIVER
KYSE30_OESOPHAGUS	0	1	0	0	1	0.44392296032178136	KYSE30_OESOPHAGUS
HS281T_BREAST	0	0	0	0	0	0.44296891176692926	HS281T_BREAST
COLO800_SKIN	0	0	0	1	0	0.44193489014070136	COLO800_SKIN
NCIH2023_LUNG	0	0	0	0	0	0.4411308046901601	NCIH2023_LUNG
CAKI1_KIDNEY	0	0	0	0	0	0.4408669771776853	CAKI1_KIDNEY
HCC1599_BREAST	0	0	0	0	0	0.43957676093338316	HCC1599_BREAST
KMRC2_KIDNEY	0	0	0	0	0	0.4390980491998005	KMRC2_KIDNEY
SQ1_LUNG	0	0	0	0	0	0.43902341417602236	SQ1_LUNG
TT_THYROID	0	0	0	0	0	0.4356420989320811	TT_THYROID
SNB75_CENTRAL_NERVOUS_SYSTEM	0	0	0	0	0	0.4345938589695914	SNB75_CENTRAL_NERVOUS_SYSTEM
NCIH3255_LUNG	0	0	0	0	0	0.4343348552850118	NCIH3255_LUNG
A704_KIDNEY	0	0	0	0	0	0.43424608266286074	A704_KIDNEY
KYSE140_OESOPHAGUS	0	0	0	0	0	0.43419365939423704	KYSE140_OESOPHAGUS
MCF7_BREAST	0	0	0	0	0	0.43099920754055204	MCF7_BREAST
SF268_CENTRAL_NERVOUS_SYSTEM	0	0	0	0	0	0.4308616950361545	SF268_CENTRAL_NERVOUS_SYSTEM
ONS76_CENTRAL_NERVOUS_SYSTEM	0	0	1	0	1	0.43002404681609446	ONS76_CENTRAL_NERVOUS_SYSTEM
MPP89_PLEURA	0	0	0	0	0	0.429491445224676	MPP89_PLEURA
HEC1B_ENDOMETRIUM	1	1	0	1	1	0.429432179606287	HEC1B_ENDOMETRIUM
LCLC103H_LUNG	0	0	0	0	0	0.4283429383602916	LCLC103H_LUNG
MKN74_STOMACH	0	0	0	0	0	0.4280201885737364	MKN74_STOMACH
HCC827_LUNG	0	0	0	0	0	0.4268275200245614	HCC827_LUNG
SNU216_STOMACH	0	0	0	0	0	0.4265020740565682	SNU216_STOMACH
NCIH2073_LUNG	0	0	0	0	0	0.4252008637029766	NCIH2073_LUNG
HS839T_SKIN	0	0	0	0	0	0.42456374184385565	HS839T_SKIN
TUHR4TKB_KIDNEY	0	0	0	0	0	0.42344978618907836	TUHR4TKB_KIDNEY
CAL51_BREAST	0	0	0	0	0	0.4213505547019146	CAL51_BREAST
COV434_OVARY	0	0	0	0	0	0.4206236881998448	COV434_OVARY
MHHNB11_AUTONOMIC_GANGLIA	0	0	0	0	0	0.42054763700634806	MHHNB11_AUTONOMIC_GANGLIA
KYSE450_OESOPHAGUS	0	0	0	0	0	0.4194660213604167	KYSE450_OESOPHAGUS
HS343T_BREAST	0	0	0	0	0	0.41402528600570465	HS343T_BREAST
G402_SOFT_TISSUE	0	0	0	0	0	0.4138768467995005	G402_SOFT_TISSUE
HUH6_LIVER	0	0	0	0	0	0.4125332183090851	HUH6_LIVER
NCIH2029_LUNG	0	0	0	0	0	0.4117041729565858	NCIH2029_LUNG
A204_SOFT_TISSUE	0	0	0	0	0	0.411218845631362	A204_SOFT_TISSUE
NCIH2196_LUNG	0	0	0	0	0	0.41013884832961733	NCIH2196_LUNG
RMUGS_OVARY	0	0	0	0	0	0.4095179759389394	RMUGS_OVARY
HS840T_UPPER_AERODIGESTIVE_TRACT	0	0	0	0	0	0.40894675904828004	HS840T_UPPER_AERODIGESTIVE_TRACT
C32_SKIN	0	0	0	1	0	0.40864957380864253	C32_SKIN
HS934T_SKIN	0	0	0	0	0	0.4085547516499749	HS934T_SKIN
SW780_URINARY_TRACT	0	0	0	0	0	0.4078203877557793	SW780_URINARY_TRACT
T173_BONE	0	0	0	0	0	0.40567566454526527	T173_BONE
HOS_BONE	0	0	0	0	0	0.40499003404672007	HOS_BONE
BICR18_UPPER_AERODIGESTIVE_TRACT	0	0	0	0	0	0.4029592995992819	BICR18_UPPER_AERODIGESTIVE_TRACT
HS706T_BONE	0	0	0	0	0	0.40281204378826757	HS706T_BONE
HS600T_SKIN	0	0	0	0	0	0.4026406096949759	HS600T_SKIN
NCIH810_LUNG	0	0	0	0	0	0.40207830170131253	NCIH810_LUNG
HS695T_SKIN	0	0	0	1	0	0.39985027974438375	HS695T_SKIN
JHOS2_OVARY	0	0	0	0	0	0.39944887598814005	JHOS2_OVARY
HCC1954_BREAST	0	0	0	0	0	0.3989986228121797	HCC1954_BREAST
BT20_BREAST	0	0	0	0	0	0.3984525893730356	BT20_BREAST
HEC108_ENDOMETRIUM	0	0	0	0	0	0.3984044572794293	HEC108_ENDOMETRIUM
KPNRTBM1_AUTONOMIC_GANGLIA	0	0	0	0	0	0.3981640196663494	KPNRTBM1_AUTONOMIC_GANGLIA
OVTOKO_OVARY	0	0	0	0	0	0.3979086687229225	OVTOKO_OVARY
LK2_LUNG	0	0	0	0	0	0.3964767720692017	LK2_LUNG
HDQP1_BREAST	0	0	0	0	0	0.396244924343488	HDQP1_BREAST
HS606T_BREAST	0	0	0	0	0	0.3939697578455121	HS606T_BREAST
HS698T_LARGE_INTESTINE	0	0	0	0	0	0.3921544371763974	HS698T_LARGE_INTESTINE
ECC12_STOMACH	0	0	0	0	0	0.3896614725231582	ECC12_STOMACH
YH13_CENTRAL_NERVOUS_SYSTEM	0	0	0	0	0	0.38929070081821016	YH13_CENTRAL_NERVOUS_SYSTEM
NH6_AUTONOMIC_GANGLIA	0	0	0	0	0	0.3890792564343748	NH6_AUTONOMIC_GANGLIA
HS737T_BONE	0	0	0	0	0	0.3887839169720136	HS737T_BONE
LOUNH91_LUNG	0	0	0	0	0	0.38751115309509304	LOUNH91_LUNG
SW579_THYROID	0	0	0	0	0	0.3874115079030236	SW579_THYROID
SNU1076_UPPER_AERODIGESTIVE_TRACT	0	0	0	0	0	0.38731116729434023	SNU1076_UPPER_AERODIGESTIVE_TRACT
OV90_OVARY	0	0	0	0	0	0.3869554913833953	OV90_OVARY
CHP126_AUTONOMIC_GANGLIA	0	0	0	0	0	0.3864131992132966	CHP126_AUTONOMIC_GANGLIA
SKNDZ_AUTONOMIC_GANGLIA	0	0	0	0	0	0.386006134113782	SKNDZ_AUTONOMIC_GANGLIA
HS729_SOFT_TISSUE	0	0	0	0	0	0.38220271949284035	HS729_SOFT_TISSUE
SNU1105_CENTRAL_NERVOUS_SYSTEM	0	0	0	0	0	0.3812849383416236	SNU1105_CENTRAL_NERVOUS_SYSTEM
RH41_SOFT_TISSUE	0	0	0	0	0	0.3812495159983848	RH41_SOFT_TISSUE
OAW42_OVARY	0	0	0	0	0	0.3806134480871472	OAW42_OVARY
TE11_OESOPHAGUS	0	0	0	0	0	0.3801895214604678	TE11_OESOPHAGUS
NCIH1876_LUNG	0	0	0	0	0	0.37953690963143377	NCIH1876_LUNG
OE21_OESOPHAGUS	0	0	0	0	0	0.37831362182945016	OE21_OESOPHAGUS
RCC10RGB_KIDNEY	0	0	0	0	0	0.3764754762320375	RCC10RGB_KIDNEY
SW1710_URINARY_TRACT	0	0	0	0	0	0.37607705149286674	SW1710_URINARY_TRACT
SCLC21H_LUNG	0	0	0	0	0	0.37598212446539236	SCLC21H_LUNG
TC71_BONE	0	0	0	0	0	0.37587767917101783	TC71_BONE
TE125T_SOFT_TISSUE	0	1	0	0	1	0.37580429538671223	TE125T_SOFT_TISSUE
HCC1806_BREAST	0	0	0	0	0	0.37538967911966425	HCC1806_BREAST
RL952_ENDOMETRIUM	0	1	0	1	1	0.37475589812002946	RL952_ENDOMETRIUM
LNCAPCLONEFGC_PROSTATE	0	0	0	0	0	0.374236975858431	LNCAPCLONEFGC_PROSTATE
JHH2_LIVER	0	0	0	0	0	0.3739210484871963	JHH2_LIVER
HS618T_LUNG	0	0	0	0	0	0.3736625178025933	HS618T_LUNG
VCAP_PROSTATE	0	0	0	0	0	0.37250298573401325	VCAP_PROSTATE
HS888T_BONE	0	0	0	0	0	0.3722827488907565	HS888T_BONE
KNS62_LUNG	0	1	0	0	1	0.37027651198191175	KNS62_LUNG
LMSU_STOMACH	0	0	0	0	0	0.3688497709609571	LMSU_STOMACH
NCIH1048_LUNG	0	0	1	0	1	0.3673551927142957	NCIH1048_LUNG
HS821T_BONE	0	0	0	0	0	0.3667805295848321	HS821T_BONE
NCIH2052_PLEURA	0	0	0	0	0	0.3651612801683412	NCIH2052_PLEURA
KNS60_CENTRAL_NERVOUS_SYSTEM	0	0	0	0	0	0.3647602963702445	KNS60_CENTRAL_NERVOUS_SYSTEM
SNU475_LIVER	0	0	0	0	0	0.36374700044668656	SNU475_LIVER
HCC2279_LUNG	0	0	0	0	0	0.36368886907057296	HCC2279_LUNG
MDAMB436_BREAST	0	0	0	0	0	0.36336426001811356	MDAMB436_BREAST
BHY_UPPER_AERODIGESTIVE_TRACT	0	0	0	0	0	0.3620036118792278	BHY_UPPER_AERODIGESTIVE_TRACT
CAL29_URINARY_TRACT	0	0	0	0	0	0.3612092312388002	CAL29_URINARY_TRACT
HS739T_BREAST	0	0	0	0	0	0.36115572154087106	HS739T_BREAST
HCC1428_BREAST	0	0	0	0	0	0.3609218252231443	HCC1428_BREAST
SW1353_BONE	0	0	0	0	0	0.3597996507951758	SW1353_BONE
FU97_STOMACH	0	0	0	0	0	0.35968456411836985	FU97_STOMACH
YKG1_CENTRAL_NERVOUS_SYSTEM	0	0	0	0	0	0.3592033643789652	YKG1_CENTRAL_NERVOUS_SYSTEM
SCC25_UPPER_AERODIGESTIVE_TRACT	0	0	0	0	0	0.3585719213002697	SCC25_UPPER_AERODIGESTIVE_TRACT
HMCB_SKIN	0	0	0	0	0	0.3560595905474743	HMCB_SKIN
YD38_UPPER_AERODIGESTIVE_TRACT	0	0	0	0	0	0.35510477391252915	YD38_UPPER_AERODIGESTIVE_TRACT
NCIH2342_LUNG	0	0	0	0	0	0.35497075524905636	NCIH2342_LUNG
DKMG_CENTRAL_NERVOUS_SYSTEM	0	0	0	0	0	0.35408666386124044	DKMG_CENTRAL_NERVOUS_SYSTEM
MKN1_STOMACH	0	0	0	0	0	0.3535642037560073	MKN1_STOMACH
L33_PANCREAS	1	0	0	0	1	0.3529141166030602	L33_PANCREAS
HCC2157_BREAST	0	0	0	0	0	0.35218895531155564	HCC2157_BREAST
NCIH2452_PLEURA	0	0	0	0	0	0.35196057842606665	NCIH2452_PLEURA
SKBR3_BREAST	0	0	0	0	0	0.3519250131019093	SKBR3_BREAST
SNU1077_ENDOMETRIUM	0	0	0	0	0	0.35065388775656975	SNU1077_ENDOMETRIUM
NCIH1648_LUNG	0	0	0	0	0	0.3501147617615398	NCIH1648_LUNG
PECAPJ15_UPPER_AERODIGESTIVE_TRACT	0	0	0	0	0	0.3498057874196998	PECAPJ15_UPPER_AERODIGESTIVE_TRACT
M059K_CENTRAL_NERVOUS_SYSTEM	0	0	0	0	0	0.34909596456426173	M059K_CENTRAL_NERVOUS_SYSTEM
MDAMB415_BREAST	0	0	0	1	0	0.34899817794986326	MDAMB415_BREAST
CORL88_LUNG	0	0	0	0	0	0.34872543146367574	CORL88_LUNG
NCIH2030_LUNG	1	0	0	0	1	0.3486478713492463	NCIH2030_LUNG
KNS81_CENTRAL_NERVOUS_SYSTEM	0	0	0	0	0	0.34762159314613217	KNS81_CENTRAL_NERVOUS_SYSTEM
NCIH226_LUNG	0	0	0	0	0	0.3476096418841178	NCIH226_LUNG
SCABER_URINARY_TRACT	0	0	0	0	0	0.34747102261469764	SCABER_URINARY_TRACT
CAS1_CENTRAL_NERVOUS_SYSTEM	0	0	0	0	0	0.3468184755810754	CAS1_CENTRAL_NERVOUS_SYSTEM
SNU738_CENTRAL_NERVOUS_SYSTEM	0	0	0	1	0	0.3466647611644897	SNU738_CENTRAL_NERVOUS_SYSTEM
KYSE180_OESOPHAGUS	0	0	0	0	0	0.3420568529159339	KYSE180_OESOPHAGUS
VMRCRCZ_KIDNEY	0	0	0	0	0	0.3420186727334413	VMRCRCZ_KIDNEY
NCIH661_LUNG	0	0	0	0	0	0.34131645961012963	NCIH661_LUNG
EFO21_OVARY	0	0	0	0	0	0.34089831287748873	EFO21_OVARY
DAOY_CENTRAL_NERVOUS_SYSTEM	0	0	0	0	0	0.3408576328963567	DAOY_CENTRAL_NERVOUS_SYSTEM
NCIH1793_LUNG	0	0	0	0	0	0.34080152723543045	NCIH1793_LUNG
NCIH196_LUNG	0	0	0	0	0	0.3402599922807328	NCIH196_LUNG
SKMEL3_SKIN	0	0	0	1	0	0.34022561588255845	SKMEL3_SKIN
TE159T_SOFT_TISSUE	0	0	0	0	0	0.3397224367712564	TE159T_SOFT_TISSUE
HCC1187_BREAST	0	0	0	0	0	0.33884194441499244	HCC1187_BREAST
SCC4_UPPER_AERODIGESTIVE_TRACT	0	0	0	0	0	0.33842699559821793	SCC4_UPPER_AERODIGESTIVE_TRACT
SKUT1_SOFT_TISSUE	0	1	0	0	1	0.3377200525616476	SKUT1_SOFT_TISSUE
FTC133_THYROID	0	0	0	0	0	0.3375260187811532	FTC133_THYROID
KLE_ENDOMETRIUM	0	0	0	0	0	0.33680812870856813	KLE_ENDOMETRIUM
DMS454_LUNG	0	0	0	0	0	0.3367970576063632	DMS454_LUNG
CAL148_BREAST	0	0	0	0	0	0.3366997605270829	CAL148_BREAST
NCIH522_LUNG	0	0	0	0	0	0.3360973989959258	NCIH522_LUNG
EKVX_LUNG	0	0	0	0	0	0.33544212597384815	EKVX_LUNG
TUHR14TKB_KIDNEY	0	0	0	0	0	0.33432993960701474	TUHR14TKB_KIDNEY
LN229_CENTRAL_NERVOUS_SYSTEM	0	0	0	0	0	0.3328589467374823	LN229_CENTRAL_NERVOUS_SYSTEM
RH18_SOFT_TISSUE	0	0	0	0	0	0.332700026416805	RH18_SOFT_TISSUE
FUOV1_OVARY	0	0	0	0	0	0.3318332022711873	FUOV1_OVARY
NCIH1694_LUNG	0	0	0	0	0	0.3312847971033623	NCIH1694_LUNG
NCIH1568_LUNG	0	0	0	0	0	0.33126890845056567	NCIH1568_LUNG
TOV112D_OVARY	0	0	0	0	0	0.3303661019387998	TOV112D_OVARY
MDAMB468_BREAST	0	0	0	0	0	0.329518879594406	MDAMB468_BREAST
CAKI2_KIDNEY	0	0	0	0	0	0.3294331762992217	CAKI2_KIDNEY
U2OS_BONE	0	0	0	0	0	0.3290889853878702	U2OS_BONE
NCIH2085_LUNG	0	0	0	0	0	0.32892645753408445	NCIH2085_LUNG
NCIH2171_LUNG	0	0	0	0	0	0.3289031144765283	NCIH2171_LUNG
EFO27_OVARY	0	0	0	0	0	0.32868483437581175	EFO27_OVARY
KELLY_AUTONOMIC_GANGLIA	0	0	0	0	0	0.32766967266565206	KELLY_AUTONOMIC_GANGLIA
GCIY_STOMACH	0	0	0	0	0	0.3263649277265502	GCIY_STOMACH
SCC15_UPPER_AERODIGESTIVE_TRACT	0	0	0	0	0	0.32474721010777574	SCC15_UPPER_AERODIGESTIVE_TRACT
BT549_BREAST	0	0	0	0	0	0.32433168282215136	BT549_BREAST
SNU119_OVARY	0	0	0	0	0	0.32380992987133966	SNU119_OVARY
MKN7_STOMACH	0	0	0	0	0	0.32140362117005616	MKN7_STOMACH
HS683_CENTRAL_NERVOUS_SYSTEM	0	0	0	0	0	0.3202723020754705	HS683_CENTRAL_NERVOUS_SYSTEM
SF539_CENTRAL_NERVOUS_SYSTEM	0	0	0	0	0	0.31915478892815097	SF539_CENTRAL_NERVOUS_SYSTEM
HOP92_LUNG	0	0	0	0	0	0.31805571682648703	HOP92_LUNG
GI1_CENTRAL_NERVOUS_SYSTEM	0	0	0	0	0	0.3175924958109484	GI1_CENTRAL_NERVOUS_SYSTEM
OAW28_OVARY	0	0	0	0	0	0.3164051797633949	OAW28_OVARY
ABC1_LUNG	0	0	0	0	0	0.31556902572055395	ABC1_LUNG
KMRC20_KIDNEY	0	0	0	0	0	0.315226697288701	KMRC20_KIDNEY
NCIH211_LUNG	0	0	0	0	0	0.3144813481134325	NCIH211_LUNG
JHH7_LIVER	0	0	0	0	0	0.31384405516367186	JHH7_LIVER
OVISE_OVARY	0	0	0	0	0	0.3136035048243497	OVISE_OVARY
FTC238_THYROID	0	0	0	0	0	0.31355933892949106	FTC238_THYROID
HS895T_SKIN	0	0	0	0	0	0.3135050302380051	HS895T_SKIN
NCIH889_LUNG	0	0	0	0	0	0.3133928640652431	NCIH889_LUNG
NCIH82_LUNG	0	0	0	0	0	0.3123482720358999	NCIH82_LUNG
HS688AT_SKIN	0	0	0	0	0	0.3122783382845467	HS688AT_SKIN
A498_KIDNEY	0	0	0	0	0	0.31121322999816425	A498_KIDNEY
MG63_BONE	0	0	0	0	0	0.3089210680633431	MG63_BONE
HSC2_UPPER_AERODIGESTIVE_TRACT	0	0	0	0	0	0.30733070491094705	HSC2_UPPER_AERODIGESTIVE_TRACT
HSC4_UPPER_AERODIGESTIVE_TRACT	0	0	0	0	0	0.3057890855039589	HSC4_UPPER_AERODIGESTIVE_TRACT
YD8_UPPER_AERODIGESTIVE_TRACT	1	0	0	0	1	0.3051641064463431	YD8_UPPER_AERODIGESTIVE_TRACT
NCIH1975_LUNG	0	0	0	0	0	0.3037818730628175	NCIH1975_LUNG
JHH1_LIVER	0	0	0	0	0	0.30357163183560876	JHH1_LIVER
HS742T_BREAST	0	0	0	0	0	0.3033416844245449	HS742T_BREAST
NCIH2081_LUNG	0	0	0	0	0	0.30322732929402757	NCIH2081_LUNG
A673_BONE	0	0	0	1	0	0.3021653644136909	A673_BONE
SNU668_STOMACH	1	0	0	0	1	0.30155087442601747	SNU668_STOMACH
SNU503_LARGE_INTESTINE	0	0	0	1	0	0.29797281911667206	SNU503_LARGE_INTESTINE
HCC1937_BREAST	0	0	0	0	0	0.2979517838640514	HCC1937_BREAST
MFE296_ENDOMETRIUM	0	0	0	0	0	0.29770529055367195	MFE296_ENDOMETRIUM
HUH7_LIVER	0	0	0	0	0	0.2965962039408807	HUH7_LIVER
LC1F_LUNG	0	0	0	0	0	0.2956411762877513	LC1F_LUNG
SKES1_BONE	0	0	0	0	0	0.2953276435578624	SKES1_BONE
ISTMES1_PLEURA	0	0	0	0	0	0.2943909107895843	ISTMES1_PLEURA
CAOV4_OVARY	0	0	0	0	0	0.2941735401531322	CAOV4_OVARY
TE8_OESOPHAGUS	0	0	0	0	0	0.2938115987920924	TE8_OESOPHAGUS
TE14_OESOPHAGUS	0	0	0	0	0	0.2936913029065511	TE14_OESOPHAGUS
COLO684_ENDOMETRIUM	0	0	0	0	0	0.2930551547020887	COLO684_ENDOMETRIUM
PECAPJ49_UPPER_AERODIGESTIVE_TRACT	0	0	0	0	0	0.2929914193712763	PECAPJ49_UPPER_AERODIGESTIVE_TRACT
OVCAR4_OVARY	0	0	0	0	0	0.29295720007978143	OVCAR4_OVARY
NCIH1395_LUNG	0	0	0	1	0	0.29015576404036114	NCIH1395_LUNG
NCIH660_PROSTATE	0	0	0	1	0	0.290142392094191	NCIH660_PROSTATE
SNU466_CENTRAL_NERVOUS_SYSTEM	0	0	0	0	0	0.2899164710648898	SNU466_CENTRAL_NERVOUS_SYSTEM
TE5_OESOPHAGUS	0	0	0	0	0	0.2892025084328255	TE5_OESOPHAGUS
SKNMC_BONE	0	0	0	0	0	0.28873043021297956	SKNMC_BONE
KMBC2_URINARY_TRACT	0	0	0	1	0	0.28724752706964163	KMBC2_URINARY_TRACT
UACC62_SKIN	0	0	0	1	0	0.2862031352061263	UACC62_SKIN
SW1088_CENTRAL_NERVOUS_SYSTEM	0	0	0	0	0	0.28607805624074095	SW1088_CENTRAL_NERVOUS_SYSTEM
NCIH1385_LUNG	1	0	0	0	1	0.28465629544162224	NCIH1385_LUNG
DM3_PLEURA	0	0	0	0	0	0.28316173846785475	DM3_PLEURA
PECAPJ34CLONEC12_UPPER_AERODIGESTIVE_TRACT	0	0	0	0	0	0.283015142403855	PECAPJ34CLONEC12_UPPER_AERODIGESTIVE_TRACT
KYSE70_OESOPHAGUS	0	0	0	0	0	0.2822699105011443	KYSE70_OESOPHAGUS
SF295_CENTRAL_NERVOUS_SYSTEM	0	0	0	0	0	0.2816628068164539	SF295_CENTRAL_NERVOUS_SYSTEM
ECGI10_OESOPHAGUS	0	0	0	0	0	0.27720583535030413	ECGI10_OESOPHAGUS
DMS79_LUNG	0	0	0	0	0	0.2758639233003225	DMS79_LUNG
NCIH510_LUNG	0	0	0	0	0	0.2754174699376632	NCIH510_LUNG
NCIH841_LUNG	0	0	0	0	0	0.2751235009678302	NCIH841_LUNG
TE10_OESOPHAGUS	0	0	0	0	0	0.2746722650296628	TE10_OESOPHAGUS
NCIH1930_LUNG	0	0	0	0	0	0.2746719881180984	NCIH1930_LUNG
NCIH1963_LUNG	0	0	0	0	0	0.2746110372034892	NCIH1963_LUNG
NCIH1436_LUNG	0	0	0	0	0	0.2730261789616595	NCIH1436_LUNG
CORL47_LUNG	0	0	0	0	0	0.27250696773658184	CORL47_LUNG
HS819T_BONE	0	0	0	0	0	0.27135020897044343	HS819T_BONE
SF126_CENTRAL_NERVOUS_SYSTEM	0	0	0	0	0	0.2711566413063733	SF126_CENTRAL_NERVOUS_SYSTEM
HT1376_URINARY_TRACT	0	0	0	0	0	0.27067122658318193	HT1376_URINARY_TRACT
CORL279_LUNG	0	0	1	0	1	0.26969105984535535	CORL279_LUNG
IGROV1_OVARY	0	0	0	0	0	0.2696223698818196	IGROV1_OVARY
HEC6_ENDOMETRIUM	1	0	0	0	1	0.2676027433227132	HEC6_ENDOMETRIUM
NCIH1355_LUNG	1	0	0	0	1	0.266138747269701	NCIH1355_LUNG
HS822T_BONE	0	0	0	0	0	0.26594463064053253	HS822T_BONE
NCIH1693_LUNG	0	0	0	0	0	0.26415230651868116	NCIH1693_LUNG
NCIH2172_LUNG	0	0	0	0	0	0.2634568757625613	NCIH2172_LUNG
HCC1395_BREAST	0	0	0	0	0	0.26311228896663225	HCC1395_BREAST
TE4_OESOPHAGUS	0	0	0	0	0	0.26295765255279724	TE4_OESOPHAGUS
SW1783_CENTRAL_NERVOUS_SYSTEM	0	0	0	0	0	0.2624744466077085	SW1783_CENTRAL_NERVOUS_SYSTEM
BC3C_URINARY_TRACT	0	0	0	0	0	0.2623145278461075	BC3C_URINARY_TRACT
NCIH1650_LUNG	0	0	0	0	0	0.26141524412920425	NCIH1650_LUNG
MDAMB157_BREAST	0	0	0	0	0	0.25834413413870644	MDAMB157_BREAST
NCIH1651_LUNG	0	0	0	1	0	0.25805571083972734	NCIH1651_LUNG
KURAMOCHI_OVARY	0	0	0	0	0	0.2577737443927221	KURAMOCHI_OVARY
COV318_OVARY	0	0	0	0	0	0.2571038559903949	COV318_OVARY
DETROIT562_UPPER_AERODIGESTIVE_TRACT	0	0	0	0	0	0.25668731657545063	DETROIT562_UPPER_AERODIGESTIVE_TRACT
BICR6_UPPER_AERODIGESTIVE_TRACT	0	0	0	0	0	0.25628623623314384	BICR6_UPPER_AERODIGESTIVE_TRACT
HARA_LUNG	0	0	0	0	0	0.2555924788815168	HARA_LUNG
TE15_OESOPHAGUS	0	0	0	0	0	0.25392352553734504	TE15_OESOPHAGUS
BICR56_UPPER_AERODIGESTIVE_TRACT	0	0	0	0	0	0.25246385790852627	BICR56_UPPER_AERODIGESTIVE_TRACT
TE9_OESOPHAGUS	0	0	0	0	0	0.25138856675700455	TE9_OESOPHAGUS
HGC27_STOMACH	0	0	0	0	0	0.2508040455214317	HGC27_STOMACH
RH30_SOFT_TISSUE	0	0	0	0	0	0.25001206092735057	RH30_SOFT_TISSUE
CAL54_KIDNEY	0	0	0	0	0	0.24971200668594842	CAL54_KIDNEY
HS294T_SKIN	0	0	0	1	0	0.24721310189046825	HS294T_SKIN
TE6_OESOPHAGUS	0	0	0	0	0	0.24709064223999955	TE6_OESOPHAGUS
NCIH209_LUNG	0	0	0	0	0	0.24673286014373338	NCIH209_LUNG
CCFSTTG1_CENTRAL_NERVOUS_SYSTEM	0	0	0	1	0	0.24659226129387987	CCFSTTG1_CENTRAL_NERVOUS_SYSTEM
COLO680N_OESOPHAGUS	0	0	0	0	0	0.24503165708777874	COLO680N_OESOPHAGUS
NCIH446_LUNG	0	0	0	0	0	0.24177184931457602	NCIH446_LUNG
HCC33_LUNG	0	0	0	0	0	0.24041015543882432	HCC33_LUNG
SNU1214_UPPER_AERODIGESTIVE_TRACT	0	0	0	0	0	0.2399489953589888	SNU1214_UPPER_AERODIGESTIVE_TRACT
BICR31_UPPER_AERODIGESTIVE_TRACT	0	0	0	0	0	0.23990453745922544	BICR31_UPPER_AERODIGESTIVE_TRACT
HLFA_LUNG	0	0	0	0	0	0.23930437519525188	HLFA_LUNG
JL1_PLEURA	0	0	0	0	0	0.23731114142982676	JL1_PLEURA
HS675T_LARGE_INTESTINE	0	0	0	0	0	0.23697486619446018	HS675T_LARGE_INTESTINE
NCIH526_LUNG	0	0	0	0	0	0.23679843638015466	NCIH526_LUNG
U251MG_CENTRAL_NERVOUS_SYSTEM	0	1	0	0	1	0.23595887025672907	U251MG_CENTRAL_NERVOUS_SYSTEM
LUDLU1_LUNG	0	0	0	0	0	0.23545252042444934	LUDLU1_LUNG
SNU878_LIVER	0	0	0	0	0	0.23304212668841107	SNU878_LIVER
HS172T_URINARY_TRACT	0	0	0	0	0	0.23282319883385838	HS172T_URINARY_TRACT
NCIH1184_LUNG	0	0	0	0	0	0.2325054929312092	NCIH1184_LUNG
AU565_BREAST	0	0	0	0	0	0.2320260431437244	AU565_BREAST
HS578T_BREAST	0	1	0	0	1	0.23177640410767633	HS578T_BREAST
PECAPJ41CLONED2_UPPER_AERODIGESTIVE_TRACT	0	0	0	0	0	0.23095822657918602	PECAPJ41CLONED2_UPPER_AERODIGESTIVE_TRACT
YD10B_UPPER_AERODIGESTIVE_TRACT	0	0	0	0	0	0.229739663107179	YD10B_UPPER_AERODIGESTIVE_TRACT
BICR16_UPPER_AERODIGESTIVE_TRACT	0	0	0	0	0	0.22826381578213045	BICR16_UPPER_AERODIGESTIVE_TRACT
HCC1143_BREAST	0	0	0	0	0	0.22789650424410954	HCC1143_BREAST
SCC9_UPPER_AERODIGESTIVE_TRACT	0	1	0	0	1	0.22757632199670444	SCC9_UPPER_AERODIGESTIVE_TRACT
NCIH1563_LUNG	0	0	0	0	0	0.22715758923761406	NCIH1563_LUNG
GOS3_CENTRAL_NERVOUS_SYSTEM	0	0	0	0	0	0.22531280628403788	GOS3_CENTRAL_NERVOUS_SYSTEM
DMS153_LUNG	0	0	0	0	0	0.22429912889004286	DMS153_LUNG
FADU_UPPER_AERODIGESTIVE_TRACT	0	0	0	0	0	0.22375817765918865	FADU_UPPER_AERODIGESTIVE_TRACT
ECC10_STOMACH	0	0	0	0	0	0.2232502889358463	ECC10_STOMACH
SNU201_CENTRAL_NERVOUS_SYSTEM	0	0	0	0	0	0.22170300107091118	SNU201_CENTRAL_NERVOUS_SYSTEM
H4_CENTRAL_NERVOUS_SYSTEM	0	0	0	0	0	0.2204760744182643	H4_CENTRAL_NERVOUS_SYSTEM
RDES_BONE	0	0	0	0	0	0.21668607543395474	RDES_BONE
KYSE270_OESOPHAGUS	0	0	0	0	0	0.21653961872391017	KYSE270_OESOPHAGUS
T98G_CENTRAL_NERVOUS_SYSTEM	0	0	0	0	0	0.21540742634263887	T98G_CENTRAL_NERVOUS_SYSTEM
OVSAHO_OVARY	0	0	0	0	0	0.21524628330608886	OVSAHO_OVARY
DMS273_LUNG	0	0	0	0	0	0.21427497984838162	DMS273_LUNG
CAL27_UPPER_AERODIGESTIVE_TRACT	0	0	1	0	1	0.20923645035838245	CAL27_UPPER_AERODIGESTIVE_TRACT
NCIH2066_LUNG	0	0	0	0	0	0.20891107262647307	NCIH2066_LUNG
MFE280_ENDOMETRIUM	0	0	0	0	0	0.20159628324197865	MFE280_ENDOMETRIUM
NCIH2227_LUNG	0	0	0	1	0	0.19913013318039804	NCIH2227_LUNG
SNU626_CENTRAL_NERVOUS_SYSTEM	0	0	0	0	0	0.19826751003757975	SNU626_CENTRAL_NERVOUS_SYSTEM
SNU182_LIVER	0	0	0	0	0	0.19598898359362463	SNU182_LIVER
CORL95_LUNG	0	0	0	0	0	0.19542193204676667	CORL95_LUNG
VMCUB1_URINARY_TRACT	0	0	0	0	0	0.19421385599172689	VMCUB1_URINARY_TRACT
KYSE520_OESOPHAGUS	0	0	0	0	0	0.19222317221309954	KYSE520_OESOPHAGUS
HEPG2_LIVER	0	0	1	0	1	0.1912462865283183	HEPG2_LIVER
HCC70_BREAST	0	0	0	0	0	0.18682488349827495	HCC70_BREAST
CHAGOK1_LUNG	0	0	0	0	0	0.18534994913935185	CHAGOK1_LUNG
NCIH1092_LUNG	0	0	0	0	0	0.1840959887040237	NCIH1092_LUNG
HCC1569_BREAST	0	0	0	0	0	0.18276486309754128	HCC1569_BREAST
CORL311_LUNG	0	0	0	0	0	0.17763514465805086	CORL311_LUNG
HCC95_LUNG	0	0	0	0	0	0.1761505950166015	HCC95_LUNG
KNS42_CENTRAL_NERVOUS_SYSTEM	0	0	0	0	0	0.17324683851004744	KNS42_CENTRAL_NERVOUS_SYSTEM
JHOM1_OVARY	0	0	0	0	0	0.17318146567985077	JHOM1_OVARY
NCIH1618_LUNG	0	0	0	0	0	0.16801272182044594	NCIH1618_LUNG
CAOV3_OVARY	0	0	0	0	0	0.16780556739778443	CAOV3_OVARY
CORL24_LUNG	0	0	0	0	0	0.1653705565338423	CORL24_LUNG
KYSE510_OESOPHAGUS	0	0	0	0	0	0.16318532977480332	KYSE510_OESOPHAGUS
TE1_OESOPHAGUS	0	0	0	0	0	0.1591357092877108	TE1_OESOPHAGUS
NCIH2106_LUNG	0	0	0	0	0	0.15775655388518134	NCIH2106_LUNG
LN18_CENTRAL_NERVOUS_SYSTEM	0	0	0	0	0	0.1573605946918374	LN18_CENTRAL_NERVOUS_SYSTEM
RERFLCSQ1_LUNG	0	0	0	0	0	0.15282282678409395	RERFLCSQ1_LUNG
SNU489_CENTRAL_NERVOUS_SYSTEM	0	0	0	0	0	0.1525257877816346	SNU489_CENTRAL_NERVOUS_SYSTEM
NCIH596_LUNG	0	0	0	0	0	0.15177897296607856	NCIH596_LUNG
NCIH1341_LUNG	0	0	0	0	0	0.1355245719897315	NCIH1341_LUNG
CAL33_UPPER_AERODIGESTIVE_TRACT	0	0	0	0	0	0.11498148539241713	CAL33_UPPER_AERODIGESTIVE_TRACT
NCIH1105_LUNG	0	0	0	0	0	0.10450320849809072	NCIH1105_LUNG
